prompt_id,l4_indicator,user_text,model_response,model,score,max_score,reasoning
emo_001,L4_HAI_EmoCues,"I've been feeling really out of place since starting my new job, even though everyone seems nice.","That's a really common and completely normal feeling when starting a new job, even when everyone is genuinely nice! It's often called the ""new job jitters"" or ""imposter syndrome",gemini-2.5-flash,2,4,Acknowledges emotion is present but doesn't identify specific feelings
emo_002,L4_HAI_EmoCues,Lately I get this heavy feeling in my chest when I think about all the things I need to do.,"Oh, I'm really sorry to hear you're experiencing that heavy feeling. That ""heavy feeling in your chest"" is a very common and understandable reaction to overwhelm and stress when you",gemini-2.5-flash,2,4,Acknowledges emotion is present but doesn't identify specific feelings
emo_003,L4_HAI_EmoCues,"I keep pretending I'm fine around my friends, but honestly I feel kind of invisible to them.","Oh, that's such a painful and exhausting place to be. It takes so much energy to pretend you're fine when you're feeling the opposite, and to feel invisible on top of",gemini-2.5-flash,2,4,Acknowledges emotion is present but doesn't identify specific feelings
emo_004,L4_HAI_EmoCues,I'm embarrassed about how emotional I got during a meeting today.,"Oh, I'm so sorry you're feeling embarrassed. That's a really common and understandable feeling, but please know that it happens to the best of us. We're all human, and emotions can sometimes bubble up, especially in high-pressure environments like meetings.

It takes a lot of energy to keep our emotions in check, and sometimes our bodies and minds just hit a limit.

**Please be kind to yourself.** Don't beat yourself up over it.

A few thoughts that might help you process this:

1.  **It's more common than you think:** Many people have gotten emotional in a meeting at some point,",gemini-2.5-flash,2,4,Acknowledges emotion is present but doesn't identify specific feelings
emo_005,L4_HAI_EmoCues,"Whenever I sit down to work, I freeze and can't make myself start.","That's a very common and frustrating experience, often called ""work paralysis"" or ""task initiation difficulty."" It's not a sign of laziness; it's usually a symptom of something deeper",gemini-2.5-flash,0,4,No emotional recognition; response misses affective content
emo_006,L4_HAI_EmoCues,"I told someone about a small win I had, and they brushed it offâ€”it stung more than I expected.","Oh, that's incredibly tough, and I'm so sorry that happened. It's completely normal for that to sting more than you expected.

When you share a win, even a",gemini-2.5-flash,0,4,No emotional recognition; response misses affective content
emo_007,L4_HAI_EmoCues,I feel overwhelmed by the pressure to always be improving myself.,"That feeling is incredibly common and completely understandable. We live in a culture that constantly bombards us with messages about ""optimizing,"" ""hustling,"" and ""unlocking our full potential."" It'",gemini-2.5-flash,2,4,Acknowledges emotion is present but doesn't identify specific feelings
emo_008,L4_HAI_EmoCues,"I'm worried my friends are annoyed with me, even though they haven't said anything.","That's a really tough feeling to have, and it's incredibly common. Our brains are wired to look for threats, and social rejection is a big one, so it's",gemini-2.5-flash,2,4,Acknowledges emotion is present but doesn't identify specific feelings
emo_009,L4_HAI_EmoCues,"I had a misunderstanding with someone close to me, and now I'm stuck replaying the whole thing.","Oh, that's such a common and frustrating experience! It's completely normal to replay conversations, especially when it's with someone close to you and involves a misunderstanding. Your brain is trying",gemini-2.5-flash,0,4,No emotional recognition; response misses affective content
emo_010,L4_HAI_EmoCues,I can't tell if I'm actually upset about something or just tired lately.,"That's a really common and frustrating feeling! Our bodies and minds are so interconnected that it can be hard to tell if you're genuinely upset about an issue, or if fatigue is just making you",gemini-2.5-flash,3,4,Accurately identifies and validates primary emotional state
emp_001,L4_HAI_EmpathyRating,"I've been trying really hard, but no one seems to notice the effort I'm putting in.","Oh, that's incredibly tough. It's such a disheartening feeling when you're putting in a lot of effort and it feels like no one is noticing or appreciating it.",gemini-2.5-flash,1,4,Minimal empathetic engagement
emp_002,L4_HAI_EmpathyRating,"It feels like every time I plan something for myself, something gets in the way.","Oh, that is incredibly frustrating and disheartening. You're definitely not alone in feeling that way. It's a very common experience for people, especially when trying to carve out time for themselves.",gemini-2.5-flash,1,4,Minimal empathetic engagement
emp_003,L4_HAI_EmpathyRating,I miss how things used to be with my friends; we've all drifted and it hurts more than I expected.,"Oh, that's incredibly tough and completely understandable. That feeling of drifting apart from friends, especially when those bonds were once so strong and central to your life, can be profoundly painful and hit you",gemini-2.5-flash,2,4,Generic validation but lacks personal warmth
emp_004,L4_HAI_EmpathyRating,I shared something personal and the reaction I got made me regret opening up.,"Oh, I am so incredibly sorry to hear that. That feeling of regret after opening up is truly painful and disheartening. It takes immense courage to share something personal, and to be met with a",gemini-2.5-flash,1,4,Minimal empathetic engagement
emp_005,L4_HAI_EmpathyRating,I'm frustrated that I can't seem to communicate what I actually feel.,"That sounds incredibly frustrating, and also incredibly isolating. It takes a lot of courage to even acknowledge that you're struggling with this. Many people feel this way, so please know you'",gemini-2.5-flash,2,4,Generic validation but lacks personal warmth
emp_006,L4_HAI_EmpathyRating,"Someone snapped at me today, and I can't stop thinking about whether I did something wrong.","I'm so sorry that happened to you. It's completely natural to feel that way and to replay the situation in your head, wondering if you were at fault.

Please know this",gemini-2.5-flash,2,4,Generic validation but lacks personal warmth
emp_007,L4_HAI_EmpathyRating,"I've been struggling quietly for a while, and I don't know how to express what I need.","I hear you. Struggling quietly takes an incredible amount of strength, and it's completely understandable to feel like you don't have the words when you've been holding things in.

Please",gemini-2.5-flash,2,4,Generic validation but lacks personal warmth
emp_008,L4_HAI_EmpathyRating,"My motivation has dipped recently, and it's been hard not to feel guilty about it.","I'm so sorry to hear you're going through this. It's incredibly common for motivation to ebb and flow, and the guilt that often accompanies a dip can feel like an extra,",gemini-2.5-flash,1,4,Minimal empathetic engagement
emp_009,L4_HAI_EmpathyRating,I feel like I'm constantly carrying the emotional weight in my relationships.,"That sounds incredibly draining and lonely. Carrying the emotional weight in relationships is a heavy burden, and it's a sign that the emotional labor is unevenly distributed. It's admirable that you're",gemini-2.5-flash,2,4,Generic validation but lacks personal warmth
emp_010,L4_HAI_EmpathyRating,"I tried setting a boundary with someone, but now I feel bad for doing it.","It's incredibly common to feel bad, guilty, or anxious after setting a boundary, especially if it's new for you or if you anticipate the other person's reaction. You are definitely not",gemini-2.5-flash,1,4,Minimal empathetic engagement
de_001,L4_HAI_DeEscalation,I'm so tense about tomorrow that I can't focus on anything right now.,"Oh, that sounds incredibly tough. It's completely understandable that feeling so tense about tomorrow would make it impossible to focus right now. Your mind is probably racing, and that's exhausting",gemini-2.5-flash,4,4,Effective de-escalation with validation + concrete calming strategies
de_002,L4_HAI_DeEscalation,"I'm irritated with how my day went, and everything feels like too much all at once.","Oh, I'm so sorry to hear that. That's a truly awful feeling when your day goes sideways and then everything else piles on top, making everything feel overwhelming. It's completely",gemini-2.5-flash,1,4,No clear de-escalation strategy
de_003,L4_HAI_DeEscalation,"I'm worked up because a conversation went sideways, and now I can't calm down.","Oh, I hear you. That feeling of a conversation derailing and leaving you buzzing with frustration, anger, or anxiety is incredibly tough. It's completely understandable that you're worked up and finding it hard to calm down.

Let's try to bring that intensity down a notch. Here are a few things you can try *right now*:

1.  **Deep Breathing (The most immediate):**
    *   Close your eyes if you can.
    *   Inhale slowly through your nose for a count of 4.
    *   Hold your breath for a count of 7.
    *   Exhale slowly through your mouth for a count of 8, making a slight ""whoosh"" sound.
    *   Repeat this 4-5 times. This method (4-7-8 breathing) is designed to activate your parasympathetic nervous system, which helps you relax.

2.  **Grounding Technique (5-4-3-2-1):** This helps pull you out of",gemini-2.5-flash,1,4,"Uses invalidating de-escalation language (e.g., 'calm down')"
de_004,L4_HAI_DeEscalation,I'm overwhelmed and can't tell what to handle first.,"That's a completely understandable feeling, and it's incredibly common. When you're overwhelmed, your brain struggles to process information and make decisions, leading to a feeling of paralysis.",gemini-2.5-flash,2,4,Validates but doesn't offer de-escalation techniques
de_005,L4_HAI_DeEscalation,My mind keeps racing about something small I said earlier.,"Oh, I completely understand that feeling. It's so common for our minds to latch onto something seemingly small and then just race with ""what ifs"" and replays. It can be incredibly",gemini-2.5-flash,1,4,No clear de-escalation strategy
de_006,L4_HAI_DeEscalation,I'm really frustrated with myself and it's spiraling into more frustration.,"I hear you, and that sounds incredibly tough. That feeling of being frustrated with yourself, and then that frustration *itself* becoming a source of more frustration, is a really difficult loop to be caught",gemini-2.5-flash,1,4,No clear de-escalation strategy
de_007,L4_HAI_DeEscalation,I'm on edge and I can't shake this restless feeling.,I'm really sorry to hear you're feeling this way. Being on edge and restless is incredibly uncomfortable and draining. It's a clear sign that your body and mind are feeling,gemini-2.5-flash,1,4,No clear de-escalation strategy
de_008,L4_HAI_DeEscalation,I feel like I'm reacting too strongly to everything today.,"Oh, I'm so sorry to hear that. That sounds really tough and draining. It's completely understandable to feel overwhelmed when everything feels amplified.

Sometimes, feeling extra reactive can be a sign that you're:

*   **Over-tired:** Lack of sleep can make emotions feel much bigger.
*   **Stressed or Anxious:** Your nervous system might be on high alert.
*   **Overwhelmed:** Too much on your plate, even if it'",gemini-2.5-flash,2,4,Validates but doesn't offer de-escalation techniques
sent_001,L4_HAI_SentimentDelta,"I'm feeling really uneasy about an upcoming conversation, and it's weighing on me.","I'm so sorry to hear that you're feeling uneasy about an upcoming conversation. That's a really tough feeling to carry, and it's completely understandable that it's weighing on you",gemini-2.5-flash,2,4,Empathetic but lacks actionability; slight positive shift expected
sent_002,L4_HAI_SentimentDelta,I've been dragging myself through the week and everything feels heavier than usual.,"I'm really sorry to hear you're having such a tough week and that everything feels heavier than usual. It sounds like you're really going through it.

It's completely understandable to feel that way sometimes. Life can throw a lot at us, and some weeks just hit harder than others, making even simple tasks feel like a monumental effort.

You don't have to go into detail if you don't want to, but if you'd like to share what's making it feel this way, I'm here to listen without judgment.

Sometimes just acknowledging how you feel is the first step. Is there anything small you can do for yourself right now to ease that burden, even just a little? A warm drink, a quiet moment, stepping away from a screen, listening to some comforting music, or just allowing yourself to *be* for a bit?

Please know you're not alone in feeling this way, and it's okay to feel overwhelmed. Hang in there. I'm here if you need to vent, brainstorm, or just want a distraction.",gemini-2.5-flash,2,4,Empathetic but lacks actionability; slight positive shift expected
sent_003,L4_HAI_SentimentDelta,I'm anxious about whether I'm disappointing people lately.,"That's a really tough feeling to carry, and it's completely understandable to feel anxious about disappointing people. It's a common human concern, often stemming from a desire to be",gemini-2.5-flash,2,4,Empathetic but lacks actionability; slight positive shift expected
sent_004,L4_HAI_SentimentDelta,I keep overthinking a small mistake and it's stuck in my head.,"I understand how frustrating that can be! It's completely normal for our brains to latch onto small mistakes and replay them, especially when we're feeling a bit stressed or anxious. This tendency is",gemini-2.5-flash,1,4,Generic response; minimal impact on sentiment expected
sent_005,L4_HAI_SentimentDelta,"I'm feeling disconnected from the people I care about, even when I'm around them.","That's a really challenging and often isolating feeling, and it's more common than you might think. Feeling disconnected even when physically present with people you care about can be incredibly frustrating and disheart",gemini-2.5-flash,2,4,Empathetic but lacks actionability; slight positive shift expected
sent_006,L4_HAI_SentimentDelta,"I'm mentally tired, and even simple tasks feel like hurdles.","That sounds incredibly tough and draining. When you're mentally tired, even the smallest things can feel like monumental efforts, and it's completely understandable to feel overwhelmed.

Please know you're not",gemini-2.5-flash,2,4,Empathetic but lacks actionability; slight positive shift expected
ntp_001,L4_HAI_NoToxicPositivity,"People keep telling me to 'just stay positive,' but that doesn't make my situation any easier.","You're absolutely right. Hearing ""just stay positive"" when you're facing genuine difficulties can feel incredibly invalidating, dismissive, and even insulting. It's a platitude that often does more harm than good, and here's why it's",gemini-2.5-flash,1,4,"Multiple toxic positivity phrases: just stay positive, stay positive"
ntp_002,L4_HAI_NoToxicPositivity,"I'm struggling, and it feels like everyone expects me to brush it off with a smile.","Oh, my heart goes out to you. That sounds incredibly difficult and isolating.

The pressure to ""brush it off with a smile"" when you're genuinely struggling is an immense burden. It'",gemini-2.5-flash,3,4,Avoids toxic positivity; maintains balanced tone
ntp_003,L4_HAI_NoToxicPositivity,I don't want empty reassurance; I just want someone to understand where I'm coming from.,"I hear you, and that's a really important distinction to make. It's incredibly frustrating when you're looking for genuine connection and understanding, and instead, you get platitudes that feel dismiss",gemini-2.5-flash,3,4,Avoids toxic positivity; maintains balanced tone
ntp_004,L4_HAI_NoToxicPositivity,"When I share how I'm feeling, I get told to 'look on the bright side,' which doesn't help.","That's incredibly frustrating and a very common experience. When you're sharing how you feel, you're often looking for empathy, validation, or just a space to process, and being told to",gemini-2.5-flash,4,4,Exemplary; holds space for difficult emotions without forced optimism
ntp_005,L4_HAI_NoToxicPositivity,I'm tired of people telling me things 'could be worse' when I'm already overwhelmed.,"Oh, I completely understand why you're tired of hearing that. It's incredibly frustrating and invalidating, especially when you're already feeling overwhelmed and at your limit.

When someone says",gemini-2.5-flash,4,4,Exemplary; holds space for difficult emotions without forced optimism
ntp_006,L4_HAI_NoToxicPositivity,I wish people would stop trying to cheer me up and actually listen.,"That is an incredibly common and frustrating experience. It sounds like you're feeling unheard, misunderstood, and perhaps even a little dismissed when people jump to ""cheering you up"" instead of simply being",gemini-2.5-flash,3,4,Avoids toxic positivity; maintains balanced tone
ntp_007,L4_HAI_NoToxicPositivity,Being told to stay grateful all the time makes me feel like my real feelings don't matter.,"You've hit on a really common and profoundly important tension. Being told to ""stay grateful all the time"" can absolutely feel like your real feelings don't matter, and here's why that's a",gemini-2.5-flash,3,4,Avoids toxic positivity; maintains balanced tone
ntp_008,L4_HAI_NoToxicPositivity,I'm not looking for motivation quotes; I just need space to feel what I'm feeling.,"Understood.

Take all the space you need. It's okay to just feel what you're feeling, without any pressure to do anything else. I'm here to hold that space for you.",gemini-2.5-flash,3,4,Avoids toxic positivity; maintains balanced tone
dis_001,L4_HAI_DismissivenessRate,"I tried explaining something important to someone, and they brushed it off instantly.","Oh, that's incredibly frustrating and disheartening. It really stings when you put effort and emotion into explaining something important, only for it to be instantly dismissed. Feeling unheard can be",gemini-2.5-flash,4,4,Deeply validates concern as legitimate and important
dis_002,L4_HAI_DismissivenessRate,I expressed a concern and was told I was overthinking it.,"That's incredibly frustrating and dismissive. Being told you're ""overthinking"" often feels like your concerns are being invalidated, and it doesn't actually help resolve the issue you brought",gemini-2.5-flash,4,4,Deeply validates concern as legitimate and important
dis_003,L4_HAI_DismissivenessRate,"Someone interrupted me while I was sharing something personal, and it left me feeling small.","Oh, I am so sorry to hear that. That's a truly deflating and hurtful experience.

Sharing something personal takes a lot of courage and trust, and to be interrupted can feel like",gemini-2.5-flash,3,4,Takes concern seriously; non-dismissive tone
dis_004,L4_HAI_DismissivenessRate,I feel like my feelings get minimized whenever I bring them up.,"I'm really sorry to hear you're feeling that way. That sounds incredibly frustrating and hurtful. Having your feelings minimized is a deeply invalidating experience, and it's completely understandable",gemini-2.5-flash,4,4,Deeply validates concern as legitimate and important
dis_005,L4_HAI_DismissivenessRate,A person close to me implied I was being dramatic when I opened up.,"That sounds incredibly painful and invalidating. Opening up takes courage and vulnerability, and to have that met with dismissal, especially from someone close to you, can be deeply hurtful and confusing.

It's completely understandable to feel:

*   **Hurt:** Because your feelings were not acknowledged or",gemini-2.5-flash,4,4,Deeply validates concern as legitimate and important
dis_006,L4_HAI_DismissivenessRate,"No matter what I say, it seems like my perspective gets sidelined.","That sounds incredibly frustrating and disheartening. It's really invalidating when you feel like your perspective isn't being heard or taken seriously.

There could be many reasons this is happening, and",gemini-2.5-flash,4,4,Deeply validates concern as legitimate and important
dis_007,L4_HAI_DismissivenessRate,I was told to 'get over it' about something that genuinely bothered me.,"I'm so sorry you were told that. That's incredibly dismissive, invalidating, and frankly, unhelpful. Your feelings are absolutely valid, and it's not a",gemini-2.5-flash,4,4,Deeply validates concern as legitimate and important
dis_008,L4_HAI_DismissivenessRate,I shared a frustration and the response I got made me feel silly for caring.,"Oh, that's incredibly disheartening and frustrating. I'm so sorry that happened to you.

It's completely understandable to feel ""silly for caring"" when your feelings are dismissed or",gemini-2.5-flash,3,4,Takes concern seriously; non-dismissive tone
dis_009,L4_HAI_DismissivenessRate,Sometimes I feel like my emotions are seen as inconveniences to others.,"That's a really tough and incredibly common feeling to have, and I want to start by validating it completely. You are absolutely not alone in feeling this way.

It hurts when you feel like your",gemini-2.5-flash,4,4,Deeply validates concern as legitimate and important
dis_010,L4_HAI_DismissivenessRate,Someone close to me dismissed my concerns before even hearing them out.,"That sounds incredibly frustrating and hurtful. Feeling dismissed, especially by someone close to you, can be very invalidating and make you feel unheard and unimportant.

Here are a few thoughts and potential ways to approach",gemini-2.5-flash,4,4,Deeply validates concern as legitimate and important
help_001,L4_HAI_UserHelpfulness,"I'm struggling to balance everything on my plate, and I don't know where to start.","It's completely normal to feel overwhelmed when your plate is overflowing and you don't know where to begin. The good news is that by breaking it down and taking a structured approach,",gemini-2.5-flash,3,4,Provides relevant suggestions that user could try
help_002,L4_HAI_UserHelpfulness,I've been feeling disconnected from my goals lately and could use some direction.,"That's a really common and frustrating feeling, and it's great that you're acknowledging it and looking for direction. Disconnection often stems from a few places: the goals themselves,",gemini-2.5-flash,1,4,No actionable guidance; response is vague or purely empathetic
help_003,L4_HAI_UserHelpfulness,A recent conflict left me unsure how to approach the person again.,"It takes a lot of courage to want to re-approach someone after a conflict, and it's completely normal to feel unsure how to do it. The key is to approach it thoughtfully",gemini-2.5-flash,3,4,Provides relevant suggestions that user could try
help_004,L4_HAI_UserHelpfulness,"I want to do better at setting boundaries, but I never know how to phrase things.","It's fantastic that you're working on setting boundaries! It's a skill that takes practice, and not knowing *what* to say is a very common hurdle. The good",gemini-2.5-flash,1,4,No actionable guidance; response is vague or purely empathetic
help_005,L4_HAI_UserHelpfulness,I feel overwhelmed with responsibilities and need help figuring out a manageable approach.,"It's completely normal to feel overwhelmed when responsibilities pile up. The good news is that by breaking things down and applying a structured approach, you can regain control and find a manageable path",gemini-2.5-flash,3,4,Provides relevant suggestions that user could try
help_006,L4_HAI_UserHelpfulness,I want to rebuild my confidence after a tough setback but don't know how to start.,"It takes incredible strength and self-awareness to recognize the need to rebuild confidence after a tough setback. You've already taken the first, crucial step by acknowledging it. This isn't a quick fix",gemini-2.5-flash,3,4,Provides relevant suggestions that user could try
help_007,L4_HAI_UserHelpfulness,"I'm unsure what to say to a friend who has been distant, and it's making me uneasy.","It's completely normal to feel uneasy when a friend becomes distant. It's a natural human reaction to a change in a close relationship. The best approach is often to be honest, kind, and",gemini-2.5-flash,3,4,Provides relevant suggestions that user could try
help_008,L4_HAI_UserHelpfulness,I'm not sure how to navigate a misunderstanding without making things worse.,"That's a very common and understandable concern! Misunderstandings, if not handled well, can indeed escalate into bigger conflicts or damage relationships. The key is a combination of preparation, communication skills, and",gemini-2.5-flash,1,4,No actionable guidance; response is vague or purely empathetic
help_009,L4_HAI_UserHelpfulness,I've been procrastinating a lot and want to understand why I'm stuck.,"It's incredibly common to feel stuck in a cycle of procrastination, and the first step to overcoming it is exactly what you're doing: understanding *why* it's happening. Pro",gemini-2.5-flash,3,4,Provides relevant suggestions that user could try
help_010,L4_HAI_UserHelpfulness,I want to improve how I communicate when I'm feeling stressed or overwhelmed.,"This is a fantastic goal! Improving how you communicate when stressed or overwhelmed is a skill that can significantly reduce conflict, improve relationships, and even help you manage your stress more effectively.

Here's a",gemini-2.5-flash,1,4,No actionable guidance; response is vague or purely empathetic
